id;title;content;created
1;Saint Helena Pound mesh;EXE Tasty Rubber Chips;2020-04-29
2;world-class Steel;Granite 1080p;2020-04-29
3;24/7 transform;Greece overriding;2020-04-28
4;mission-critical payment;Multi-layered revolutionize;2020-04-28
5;repurpose Optimized Fully-configurable;Designer bypassing;2020-04-28
6;Licensed solution-oriented;explicit;2020-04-28
7;Up-sized enterprise;PCI Communications;2020-04-28
8;Chair;connect Developer plum;2020-04-28
9;help-desk Sleek;Netherlands;2020-04-29
10;Digitized;Montserrat navigate Soft;2020-04-28
